vutarit@bacavwaf.,Effie,Frazier,24,Levbawtu
sufom@cirgizo.mq,Butler,28,Tocape
nizozed@dos.cr,Belle1,Hodges,22,Wujafva
comifenu@suzepabo.cz,Evan,Rice2,42,Mizomuc
safjuczik@volvebzav.sa,Todd,Jenkins,59s,Itgijad
roliri@cozi.cc,Jayden,Woods,43,Okeuvesi4
ahike@sof.org,Austin,Wilkerson,62,Nabiwza
lig@pokzuti.sy,Lucinda,Snyder,61,Gobsojnat
wadorac@jet.gi,May,Brewer,35,Lupviji
kufco@figzapa.ma,Gertrude,McCarthy,26,Uvtogze
vewzivo@ki.dm,Jayden,Patrick,41,Feugiaw
nogdup@nutuc.cr,Ellen,Hansen,56,Osobehdo
ze@pitutho.al,Frederick,Benson,65,Roffahmu
dohfo@muus.ax,Joe,Hudson,25,Dutbonaf
hutvoz@gevgo.mw,Alice,Hogan,41,Kugahi
vodibe@zij.dm,Mario,Clayton,42,Pegbuziv
nivik@coc.ai,Eugene,Payne,20,Bicsihezu
wuko@lizi.th,Lester,Rios,28,Nijacik
jazu@ez.tj,Patrick,Watkins,25,Gihoruk
figuk@lorevtor.ru,Anne,Blair,45,Vejkuper
jaov@re.bi,Josephine,Flores,20,Rowati
kade@ri.gm,Leon,West,38,Zogvote
pokcumi@mejwicgu.pw,Dominic,Austin,31,Untimif
noj@motpo.do,Chase,Casey,35,Ulgozus
ukgol@tutehve.lc,Sylvia,Schmidt,35,Iltoro
dej@omweniw.it,Winnie,Chandler,54,Bobepat
tejapilij@mac.ad,Bessie,Garrett,55,Jegnujfoj
sadu@viwev.bo,Leona,Wood,53,Ijolohha
saj@zebeg.sb,Jeff,Chambers,44,Kohuvek
naledi@lehsemsik.ml,Emily,Cohen,27,Hurimaci
cijnu@ar.za,Jordan,McCarthy,45,Cukfovjav
fir@nuvis.ws,Juan,Cook,57,Atwasrip
jizto@adesez.to,Adelaide,Klein,30,Kivuleov
ava@aseewu.dj,Leo,Byrd,18,Bigebti
omehaj@budhogop.sg,Winnie,Gordon,35,Ebifwoh
nimuk@elpekuwu.sd,Christine,Roberts,62,Gefodub
zogrekcu@put.ca,Henry,Ramirez,29,Nibemec
etuas@vop.la,Cornelia,Gordon,26,Vuefuer
ewumubi@junago.ls,Eleanor,Edwards,61,Nafewip
widos@kossuzcih.bf,Maggie,Vasquez,51,Ruwegpak
etfo@owe.im,Nathaniel,Elliott,35,Jilagjup
vamlehof@pu.gp,Nettie,Powers,55,Sovbavo
gig@tijez.sz,Olivia,Casey,36,Viboic
low@mannaja.tg,Cody,Harmon,63,Wihidem
ikoduoru@uwa.no,Lucas,Long,32,Zuhukielu
mi@cihvupah.gov,Antonio,Sutton,65,Habunwuc
ubzuzal@okbuwte.ls,Leo,Tate,53,Suhaoz
jecovris@gecircu.pa,Mathilda,Nash,49,Ledakfi
ja@nod.cv,Brandon,Harrington,60,Naekovat
udiowip@goppumjew.hn,Jimmy,Wise,54,Kesijji
aweku@reb.lt,Scott,King,38,Bojhorse
aflezagi@ejimih.im,Sophia,Zimmerman,40,Nibvuoh
acuen@warizci.vu,Effie,King,65,Pelcete
mifucraf@tegcil.wf,Alberta,Santiago,32,Zibalkip
budiv@ota.va,Lucinda,Goodwin,20,Rurtudab
iruga@decdinji.na,Gordon,Terry,47,Icuiwsuj
fuc@ruviple.ls,Eugenia,Cox,40,Zulukza
feznap@jufa.be,Mollie,Hardy,28,Jaajikav
wi@nogorge.tg,Marcus,Quinn,28,Wevesum
da@guvsudkel.et,Oscar,Wheeler,62,Civamed
favlevre@julozi.md,Hannah,Peters,34,Jusbubi
pubudwo@wuc.sl,Nelle,McGuire,29,Unpopbo
ukfe@de.km,Chris,Lawson,63,Vadegaok
ni@ohorah.ag,Ronald,Hardy,20,Butheka
ezu@pitoter.va,Mabelle,Allen,33,Pamdaov
bip@huli.bo,Clarence,Flores,57,Raheguja
of@po.cr,Ryan,Duncan,33,Dakgimufa
noto@du.gs,Eva,Castillo,36,Dofmere
um@bemca.fr,Ralph,Rivera,61,Ahoozevi
tagfi@wuf.gr,Lula,Harrison,28,Ivgoovu
ga@lagihlod.wf,Jeremiah,Bell,21,Lumvehdu
feodbol@nal.tc,Jeremiah,Turner,33,Uvujawlej
hidbud@katmaf.no,Leo,Lawson,47,Pogrituj
malke@pez.pt,Verna,Simmons,28,Webfamac
se@pizki.mk,Jonathan,Doyle,40,Caorduw
oh@umefe.bb,Victoria,McDaniel,37,Pishabun
rofce@nepuwsu.kw,Craig,Guerrero,54,Fimiducu
awwe@jecekdam.aw,Sara,Garcia,30,Vubitor
fe@po.iq,Sophie,Watkins,63,Ehawasu
mej@nonik.cd,Max,Hogan,36,Fipopac
am@awueg.bs,Maurice,Sanchez,64,Lemvumone
gonviw@hav.ca,Kenneth,Santos,59,Cetutap
amaki@womubo.gu,Duane,Williams,33,Lafeoj
sun@zu.mo,Loretta,Hunt,60,Tucladah
su@pesheril.ar,Randall,Page,37,Hedmeka
joijazit@wokuca.ci,Hilda,Hughes,64,Uhduno
ne@gafivso.pf,Dylan,Mack,45,Vuotkaw
huken@pes.bs,Jeremy,Long,37,Hojedho
vole@im.kh,Manuel,Morgan,22,Pinidojo
hofwoeru@motop.dz,Jared,Price,27,Pecalar
bicho@soliv.au,Leo,Brock,60,Ojtizsac
gu@na.sk,Edith,Larson,19,Utustul
sizfu@gucerwuz.bm,Oscar,Warner,54,Ekemazeh
ka@wizva.aw,Isabelle,Swanson,38,Mizrawten
omahob@sowdahibi.cd,Jackson,Thornton,61,Ecsogis
himlotal@bum.mm,Sallie,Garza,42,Fuzonoc
mitjorip@ureitzal.bj,Edgar,Bowers,25,Supalwi
fubnuk@uposuuk.om,Hallie,Garcia,37,Bosukag
jaupiva@kewfabfi.by,Lucinda,Jacobs,48,Gunjevva
onguz@mazza.cn,Luella,Butler,52,Wedjicap
seha@puklape.mq,Mabelle,Page,29,Ajaunone
sit@gowupa.us,Nannie,Hopkins,24,Turzukine
vuh@ese.mt,Ella,Hansen,64,Kuvepouhu
fekro@sujga.im,Maurice,Harvey,45,Efuipinif
gaisu@fugam.mr,Lloyd,Moore,52,Sothedu
to@tedvu.lb,Joshua,Peters,57,Umuruhpoz
merovuud@imuk.mz,Jane,Mitchell,43,Evakekih
toug@ziw.kw,Matilda,McDaniel,20,Decrimnir
juhnir@od.lb,Fanny,Graves,40,Fupwakak
mu@ehu.ml,Helen,Baker,41,Wudsolup
luade@larnu.bb,Cody,Cook,26,Ugebaet
moedote@lid.al,Lillian,Bowman,31,Sinfasun
fikkaz@za.gb,Kenneth,Banks,28,Ruujocuw
lorakub@budmu.ke,Ina,Wolfe,51,Zimvoos
minba@hipafan.jm,Glen,Cooper,32,Bagahe
kocarheh@ziteg.hn,Winnie,Drake,56,Cubegnu
fe@curiri.uy,Luke,Hammond,41,Lialho
wuzuvnah@gojiboz.do,Kyle,Torres,53,Zevabab
piceca@cewa.ro,Leo,Sparks,34,Musacza
iwimov@fatazki.bf,Jordan,Woods,37,Mevoshiw
timgiwe@te.bn,Stella,Vega,37,Vitzitse
vu@far.ke,Gordon,Edwards,43,Goicin
za@fuhwirur.gt,Adeline,Murray,59,Garlukcu
ejenab@giep.tg,Eliza,Marsh,62,Tawkapav
jeirsu@ener.gg,Danny,Cross,43,Zifodris
pacit@udi.hm,Eugenia,Allison,63,Feprabam
me@na.it,Jeremy,Walton,41,Leswugpa
ozirov@ludmepi.gn,Cornelia,Carr,58,Devtegi
semweug@benli.us,Eva,Newman,22,Efadoki
selumuj@gotzal.bm,Rodney,Carr,42,Ufopufo
motduwne@na.wf,Jim,Morton,35,Ubojema
gecbopgo@vuronaaj.bh,Jean,Cox,59,Lohgaoze
vakuzita@vibfajok.hm,Glen,Bowman,33,Ejicajtar
ziwa@pihage.lv,Gregory,Steele,47,Asasarur
najer@azuohe.am,Gary,Sherman,48,Gihubiul
hiveli@wohemopub.tt,Randy,Fletcher,39,Beajaoc
mujifubi@mut.jm,Effie,Malone,35,Icticiki
sof@vajuzjan.lk,Linnie,Barnes,22,Peehabo
ulawam@tev.gg,Tommy,Fernandez,58,Idfiug
dugteh@fuku.ba,Sarah,Newman,64,Meptidnup
kinju@feh.mx,Cameron,Cole,32,Vowisfid
rappa@ku.sz,Miguel,Anderson,65,Ziwoki
lem@woldih.gw,Virgie,Warren,57,Kiuzdem
jukcat@fan.rw,Jackson,Poole,23,Sizibti
re@ofuri.ca,Marian,Martinez,49,Larokawu
jakku@tenwajan.ly,Lucile,Richards,29,Vehevem
ivminka@fejif.sh,Cornelia,Peterson,22,Juhwate
zeh@inub.jm,Rose,Harmon,59,Icifodlu
pafergu@lonohfi.so,Leonard,Goodman,23,Suafow
leseh@vuhcu.cr,Eva,Jefferson,55,Epudabif
alhab@atujizi.td,Herman,Torres,26,Koskurdim
nu@cujoc.sy,Duane,Walters,42,Ejietisu
katiri@luwvueda.mt,Miguel,Sharp,18,Gohweuta
kehood@rolcewri.vc,Verna,McCormick,31,Medute
ji@ohbehi.ly,Billy,Phillips,53,Vibpuwmi
pim@fefbade.jp,Ann,Dawson,31,Gujhitre
gizra@nopoj.kn,Gary,Collier,31,Beezgo
binzubji@labmiz.td,Gabriel,Cox,63,Botbuad
hegsu@jo.co,Adrian,Walker,54,Okojapku
tucizone@cohujru.sh,Ryan,Martinez,51,Keazupi
deh@rafdar.gm,Bruce,Pope,39,Refejoc
kogwihcu@waje.sd,Hilda,Brock,25,Bahnuril
fivvuir@fi.lb,Katherine,Tate,41,Undetumu
lu@waz.th,Blanche,Watkins,62,Dubpejpus
jasakusi@vobbuvu.nz,Clara,Olson,48,Dabalot
bumimvo@fojgolkor.at,Katharine,McCormick,26,Gunzabij
ofeboc@oka.us,Etta,Dunn,50,Najose
hizokum@bi.bh,Luella,Silva,50,Hiphadac
vo@ja.ai,Cora,McGuire,39,Fuwuwu
aclic@kus.ng,Milton,Thomas,54,Eromese
etkoud@co.je,Nancy,Padilla,59,Tacketo
fohaj@bi.ni,Hannah,Fitzgerald,42,Ettawaz
pocuavu@col.vg,Leroy,Maldonado,50,Ecitiwnav
to@kec.as,Lucille,Harrington,47,Cozzipev
cifil@sejpem.ci,Lester,Barnes,31,Vugocwud
ina@kanewul.kp,Leila,Santos,33,Dalnahpi
meh@vakitog.cx,Lydia,Martin,65,Butovam
po@ofozidzu.vu,Lelia,Watson,47,Subpadlug
la@pafaw.de,Jeremy,Morgan,44,Befutivu
secanip@awku.sm,Cecelia,Reed,61,Nemumece
nogukob@waridse.nc,Jose,Stokes,45,Cuptasaw
pigofvo@rav.to,Cody,Barnes,58,Dabzugver
wa@kacpifuz.mc,Lily,Chapman,61,Talpevo
uszow@najat.cr,Matthew,George,36,Manjivpuh
bawe@tolve.mv,Peter,Oliver,32,Lilsekuto
upcora@totoin.an,Laura,Tran,58,Vutsuzi
kiriaje@lujhiwo.kg,Anne,Reeves,46,Cotwedra
usa@vi.do,Alma,Singleton,48,Jumvonhoj
ufca@avmo.gu,Jim,Massey,24,Seczijodo
caje@waciwep.nr,Harold,Gibbs,35,Ivnegvur
ovacole@ova.mh,Georgie,Fields,65,Rugiduk
uwjipo@zo.sx,Luis,Mills,22,Ofoleaje
humgum@had.is,Jacob,Elliott,54,Huvemajoj
diwek@ebahu.bj,Irene,Long,51,Puwolmu
di@zelzug.aw,Mark,Erickson,24,Ruwinicer
neweto@zicuplem.je,Elnora,Drake,47,Mufdobewi
guc@kic.tn,Jared,Figueroa,60,Fivviib
cuw@ozhun.uk,Norman,Ortiz,45,Rasavge
ki@zusreto.me,Lucy,Curtis,49,Jafaole
zuroh@vow.ss,Austin,McGee,29,Olcugar
izitirot@kan.jp,Fanny,Harrington,63,Kelefhoj
leluh@ce.sj,Leonard,Abbott,48,Tepamtu
rid@vifuw.mv,Sarah,Owen,42,Jukuzo
zivgure@izeafocu.tz,Jessie,Shaw,46,Sojoah
rugjenot@kofa.as,Steven,Atkins,34,Mobahrel
el@napwuwis.kn,Bess,Pierce,57,Kubzole
pavam@fe.pt,Isabelle,Moreno,22,Dadcuvdip
duhvibo@pem.ai,Sadie,Neal,65,Kosapfe
akiwegoz@fovmo.dj,Helen,Carlson,37,Utefinpit
pimzes@todute.gm,Kenneth,Cobb,36,Pemwahta
juwta@pa.pg,Marguerite,Williamson,29,Cilagu
guliza@ovutu.mo,Rodney,Vaughn,20,Hurohuh
ber@en.cg,Margaret,Cooper,45,Hilkonir
wesbela@lososho.cm,Cole,Peters,51,Worofen
zekfir@ji.ag,Estelle,Robinson,25,Oghirep
uza@bof.vu,Brandon,Fowler,23,Pomnisez
ulzuewo@nizamef.no,Marie,Rodriquez,25,Fonsozok
zebeb@de.ao,Alexander,Rowe,30,Inicide
awawamenu@votkeobo.lc,Isabella,Freeman,41,Segekuka
jugmowow@bogavik.jm,Mina,Hill,35,Unapifu
eccic@kedza.sx,Brian,Castro,46,Cuwoceboz
zetpo@ta.com,Herbert,Mitchell,62,Siwumcaz
beptibzod@une.er,Walter,Carlson,27,Cegtaih
jani@ju.tp,Leo,Burgess,41,Cifutir
lolvac@vaukaop.co,Gordon,Perkins,60,Neccegaj
coejooro@dal.tr,Lloyd,Burns,58,Akomedot
wetzubov@ej.kr,Zachary,Gross,64,Nefosi
ovo@ne.na,Agnes,Yates,54,Acisarni
tipmegime@na.dz,Raymond,Gardner,55,Gifjewbe
fomoj@epidejar.ro,Eugenia,Delgado,18,Ucereafa
gec@badawanen.sz,Rosa,Stewart,29,Werutkik
kofzohvib@zo.sc,Gerald,Joseph,35,Aczifko
unuli@jecpi.th,Hilda,Hardy,53,Lanufep
peh@seknu.mu,Milton,Houston,42,Ajitmuw
ogike@awnikra.ve,Della,Rhodes,40,Zifhoko
ihu@rej.ck,Nicholas,Carroll,58,Latomko
fihu@edavuko.kw,Marie,Boone,43,Uwgafo
emofo@kamuis.mp,Douglas,Craig,64,Atanirgaw
bamremba@lidrol.fk,Jimmy,Roberson,18,Malmowub
gel@hof.hn,Millie,Jensen,57,Riohoz
po@nep.mm,Micheal,Thornton,56,Cejewcu
ohiw@runi.br,Cameron,Santiago,22,Oweropwa
cuhesgiw@ke.mk,Sophia,Baker,58,Tomjewa
vin@ne.ci,Louisa,Saunders,31,Honegi
otojebri@kovelda.se,Sylvia,Erickson,20,Viwolerim
vab@dazen.nu,Frederick,Casey,61,Zawgumiv
buzhujcez@motepi.ye,Bettie,Padilla,60,Foglopu
pe@isdob.fm,Mark,Alexander,60,Koweupu
le@ovped.ax,Tom,Fletcher,53,Hinamgus
os@zumva.il,Fannie,May,53,Gawpugwid
ulosudog@ne.ph,Phillip,Cox,32,Igogezih
savcedi@zuko.pg,Chris,Hernandez,62,Gokepeven
hih@sa.cw,Terry,Vaughn,23,Sacvihpep
dusaz@bedata.ca,Harriet,Goodman,65,Rofigsak
ir@le.bg,Dominic,Perry,35,Cushaspo
muvke@hut.sj,Tillie,Campbell,58,Efucne
elic@ve.cn,Rose,McCormick,50,Coazewoh
de@ano.eh,Clara,Ellis,37,Zitwunsev
romona@uwage.ps,Owen,Allison,19,Mehvojus
ate@nigmidbu.io,Nancy,Bowen,62,Gemsagujo
isiruf@rezjuk.co.uk,Nicholas,Carlson,40,Wubnavwed
aroro@hupieme.bg,Lela,Johnson,40,Tazulguk
at@fi.ml,Rhoda,Marsh,38,Sehrima
re@wil.zw,Leona,Ortiz,33,Ortafe
uraritu@vel.ms,Angel,Page,25,Asvulpa
rojker@gite.cu,Eunice,Alexander,29,Tuilta
toonu@vevivad.al,Joshua,Frank,24,Piadrog
ti@dacmi.jo,Ida,Lane,45,Uwuleah
bo@acag.td,Josephine,Knight,19,Soczopuz
ga@mo.to,Ricky,Carr,19,Zodsoclab
wemgul@magi.cg,Harry,Pena,48,Okehibud
mow@cafez.cf,Beatrice,Barton,42,Okofozi
oceupma@vagruj.gn,Peter,Fox,40,Cohenruf
ruj@kipivsu.va,Mae,Sharp,42,Kisfanud
ul@loziwrow.an,Dustin,Washington,60,Gagetwo
nas@da.nc,Elnora,Shaw,31,Nevgozu
jowel@rocehiv.uy,Alex,Fields,36,Savogik
najwol@jor.bq,Elva,Horton,35,Uroduto
hujvoud@ifehukup.pe,Sean,Meyer,18,Punuwas
fubimvo@oshavip.ao,Verna,Ramirez,32,Vujapmug
darfeg@falu.vg,Maria,Hansen,28,Ewusipzu
ozaifa@wegazsih.bf,Loretta,Crawford,54,Ohpauge
guwme@bore.vn,Ricky,Crawford,18,Ugenule
reifo@ba.sg,Anthony,Willis,39,Guzacev
lulagun@vo.cf,Jackson,George,35,Geowehab
jakgo@arevud.pf,Rosalie,Little,22,Jawiwde
kopuur@fa.vi,Evan,Gregory,63,Kokilju
bafotdu@wuc.re,Allie,Bell,37,Kualak
so@fozji.kp,Amy,Wade,31,Cugrebkar
junnovdud@suz.bm,Margaret,Hawkins,39,Izvaew
korduwom@lumporcip.ni,Hunter,Houston,25,Kuhkijul
ji@dec.ly,Virgie,Hansen,35,Tupjithu
ilajik@osrad.ps,Edwin,Harmon,33,Uroivjuz
binen@leh.il,Antonio,Soto,28,Zectemiv
soraz@ehoeto.lc,Maud,Guerrero,30,Ufuhovde
ofuzej@udana.sx,Tom,Stokes,57,Sunvuwtu
komon@ubgi.sl,Sallie,Cruz,64,Ahodisi
kulzak@gu.sx,Alejandro,Holmes,41,Ronvafbu
sapezov@at.hn,Della,Vega,63,Itucekwib
vamok@efwe.br,Rachel,Palmer,56,Mejilto
wadwoz@forow.lb,Leonard,Hines,42,Gumufpi
enobibwu@pitavomi.pt,Roxie,Little,19,Rububo
enapuplim@duzvuhfum.sc,Nora,Washington,28,Weosuhe
ehsatute@nobuz.af,Ruth,Williams,35,Dozceuze
lobozi@cecutba.cn,Lillie,McCarthy,25,Ozavenu
horge@pudga.kh,Stella,Walters,34,Tatmese
pe@ciiji.vg,Warren,Abbott,57,Migibe
parugabu@poz.mm,Oscar,McKinney,43,Gepuhap
tojevkig@pu.ht,Elijah,Vaughn,39,Orutofa
tiug@nodolon.ky,Victor,Chambers,48,Rabinlik
tew@omipbel.ie,Donald,Sparks,19,Rerowut
repuc@ni.gs,Randall,Fowler,45,Cozodut
visafzip@woh.mr,Lester,Padilla,62,Paimovo
muj@jivdus.gh,Cynthia,Keller,61,Setahra
wingeus@jecfaaga.ws,Evan,Paul,23,Bihantoh
nuvnol@uzopalot.sm,Eva,Mack,44,Wievva
fopecap@fejwaage.ie,Helen,McDonald,54,Asepivir
la@ja.ru,Frederick,Walton,63,Gumawco
pe@sahe.sl,Luella,Cortez,35,Lehowaf
rojluco@cib.lu,Billy,Lucas,64,Sapojuf
hevogfo@pispemwud.so,Danny,Holland,54,Kauwvo
zed@nu.mz,Rachel,Gutierrez,63,Gejutmo
fulaf@ezwi.kz,Verna,Lewis,47,Pazomuw
gasejkoh@coasejo.km,Mark,Phelps,54,Kohepu
jin@gawod.dk,William,Hall,46,Pafifca
jufopoh@nod.ro,Gene,Roberts,29,Pulnebep
geki@gu.tk,Rhoda,Strickland,28,Ebtislik
sanhufno@ka.dz,Ida,Reynolds,20,Zogostu
umego@haji.je,Vernon,Foster,45,Tuwgajavu
jece@vepnag.ls,Evan,Ingram,58,Zasedkoj
vurufaz@pukemdo.mp,Georgie,Morton,28,Utoejenu
soto@mezo.it,Harriet,Kim,60,Sewoapo
bopkudsib@feziw.gt,Winifred,Hill,33,Lutevoj
fuhiveno@cecani.mt,Birdie,Hicks,19,Imjole
dirpov@ta.ad,Chad,Logan,21,Todagru
ike@renepgom.sl,Sam,Dawson,60,Luwebi
zadutu@voat.gov,Nancy,Reynolds,65,Buvifdi
fonicto@baclikij.qa,Nathaniel,Burton,51,Gebvunu
mitu@fuha.vc,Calvin,Castro,35,Kukwobara
gaamafap@fizudtu.hn,Lloyd,Saunders,23,Wiblebda
ok@wavjo.ai,Leah,Griffith,29,Jibekaor
ef@ab.fo,Ida,Wood,28,Readma
bot@gema.er,Eva,Pope,49,Lekuvbo
el@lugkado.il,Wayne,Warren,21,Usdofwar
gub@eva.co.uk,Maude,Alexander,65,Odasuhte
sasip@kaub.co,Georgie,Robertson,48,Ohodimwi
vo@jo.gov,Gerald,Fleming,18,Decuvobo
bufapwif@sawjulo.pe,Benjamin,Scott,57,Kikisuzul
gittu@ow.vn,Clifford,Snyder,54,Leldisi
wawopu@rogafla.lr,Eliza,Baker,47,Ujsiva
ta@zos.pl,Bernard,Graham,45,Pahnelfu
gektatfod@epme.gh,Clara,Hernandez,25,Batlispak
fejhuhku@sigusho.eu,Rodney,Barrett,43,Ijkugul
zeb@asvi.hm,Eva,Moss,55,Ulivagji
mafcumez@wud.il,Lloyd,Little,55,Fakurte
vih@pofaka.ag,Don,Guzman,20,Ovetotig
sakgawdir@cuvuh.tk,Angel,Dixon,22,Dezizlun
geso@vadep.ru,Mike,Aguilar,46,Wudkizvur
rodfo@bo.cl,Joel,Byrd,58,Diodusi
bielo@tun.by,Lucille,Tran,38,Lintosev
awpuvlot@regni.bs,Charlie,Bowers,47,Faithil
zidfesfo@ikovge.ph,Luke,Briggs,31,Loagoha
siwered@ji.pg,Philip,Cummings,25,Cakucaj
vi@gebe.bd,Shawn,Murphy,40,Wunwujju
geh@lilmicow.pf,Mathilda,Zimmerman,28,Ezarili
zuz@zo.sa,Lulu,Lane,46,Hubivbup
zih@ip.gn,Gordon,Gregory,58,Acuzujiz
segucza@nak.et,Harry,Haynes,47,Biziwow
maomuapo@haca.sc,Brett,Miles,31,Tizawav
voc@vusat.nf,Chase,Anderson,57,Dolovem
ficahdi@pagvi.sl,Jane,Bowman,52,Rufuspo
fe@de.fm,Jeremiah,Roy,55,Fanbetu
vukiz@aveel.ms,Steven,Taylor,50,Pikivzaz
jonru@cic.ms,Maria,Wilkins,51,Nokufojen
bebuc@nemog.edu,Lula,Ray,43,Icesde
tovu@mijupvab.tw,Mildred,White,46,Reepmoc
hoj@zijat.tl,Eddie,Cox,35,Dimzefwa
uke@tavvi.nu,Fred,Cohen,45,Riwfiwoh
warehedo@loc.cy,Phillip,Henry,65,Sacomisem
rivmi@houmfo.bg,Carrie,McGee,29,Piwjuhtek
wovufud@osva.pk,Shane,Olson,39,Ladicdu
fubeliwu@gauhpum.gd,Chase,Hines,40,Bitodug
esenokit@zutod.mn,Zachary,Lynch,61,Siiwuzat
vebaita@caw.my,Elnora,Brady,48,Ajdael
bu@beaha.td,Mary,Rodriguez,43,Bessinud
meb@filfiug.is,Cecilia,Bowers,26,Kicabjow
re@ec.tf,Leo,Cook,60,Erafukun
vukguvim@fujve.bq,Isaac,Newton,43,Zoarehuf
hukpinod@vuos.tt,Louis,Walton,20,Ubegefe
bad@ret.bf,Nell,Sandoval,61,Lokweat
tukzukveb@nonugku.nz,Emilie,Castro,63,Gidewene
ja@wig.to,Glenn,Lane,36,Keonen
kevuco@cil.bm,Nora,Sims,55,Arluno
tandu@az.kn,Frank,Patton,47,Rekubavop
bujeoti@ijuapuz.ua,Eliza,Hill,48,Hotivi
filkiflaz@ir.tn,Tony,Berry,32,Waradale
fusub@tu.kh,Darrell,Tran,33,Buvenu
va@si.fo,Myrtle,Gomez,35,Gunugwiz
gad@nonuzuv.tv,Harold,Leonard,36,Zongatim
wumujam@pabhof.tt,Harriett,Douglas,49,Evoicuis
wuvaf@ferawa.al,Carolyn,Alvarez,32,Gompawi
vivoac@doc.mn,Gene,Sullivan,54,Gobjalvel
agsusvag@uv.pl,Eleanor,Barton,32,Uwehuen
wob@omofipmo.ly,Bobby,Hunt,50,Galamko
uhi@iguzavun.fr,Owen,Hanson,20,Porervig
towetoraf@pikpuf.dm,Barbara,Lucas,41,Obculaf
jaz@re.co,Maggie,Hughes,34,Relfikog
lakgid@vo.va,Christine,Maldonado,40,Jahhauho
gel@bu.lk,Jeanette,Duncan,50,Adivijoj
abopali@iwo.gh,Dustin,Moore,46,Lobilis
kiek@eweara.so,Keith,Paul,53,Sacmotib
duuri@muvjogi.mt,Alexander,White,25,Ezcojul
igmekpu@iwzebzu.gw,Cole,Edwards,36,Botaehi
opararoh@ji.cy,Isaiah,Curry,38,Utevama
cilujus@zehsu.gs,Alexander,Obrien,47,Kagazgos
toci@fiw.ir,Jessie,Arnold,38,Cafcuja
ohdocdom@jago.mc,Rose,Alexander,59,Nezoeru
omgon@won.eh,Ernest,McCormick,38,Gainaba
hirsoka@cabaze.ax,Loretta,Watson,31,Ipgedu
joho@casine.ve,Ruby,Blair,18,Rasmadnow
vov@sufke.th,Ronnie,Graham,61,Comalru
tuidmun@ma.kn,Isabel,Simon,35,Ejamhuz
sieb@jirvukec.io,Lillie,Owen,23,Pucocna
egtu@fi.bg,Maud,Schwartz,57,Esikosek
gej@ruh.sg,Jeremiah,Salazar,21,Wiwogwor
fajav@pagvefbo.cw,Elva,Benson,45,Ohwaob
teg@owekacob.hk,Esther,Rivera,44,Iwomauce
cotme@hojimzec.gr,Hettie,Cross,39,Hahbaega
ozamumid@nezow.kp,Lucile,Abbott,31,Irtuvki
epso@ha.cr,Earl,Parks,65,Rifgewa
tandi@joziin.dk,Alex,Tucker,45,Kogsirnaj
sa@jowulko.mn,Jeremy,Steele,57,Tihasik
kuvmuic@imegedez.ki,Jose,Hall,56,Abeteci
zu@liusozo.az,Jorge,Parsons,44,Anowafa
gichec@rozwunbe.by,Scott,Castillo,53,Juopceb
ifgulbel@owpac.lv,Ethel,Henry,33,Hiwojus
amtepija@lohekumu.ph,Jeremiah,Matthews,20,Ternubri
daggacdus@meuzujas.ni,Adeline,Francis,62,Icoubufak
abiah@howujle.li,Jared,Morgan,43,Opagubsop
ihhulal@sacuc.in,Betty,Hamilton,19,Vobojze
aw@zurep.tn,Verna,Hammond,30,Hitovo
rasfob@cih.bo,Randy,Fitzgerald,20,Vokhopfah
luterri@wofuvse.zw,Lucy,Newton,20,Bavmuhko
ezho@tibloce.dz,Ida,Robertson,60,Awivubete
dudhohak@gugzud.hk,Anthony,Norton,43,Ekruwhus
verojoz@zefichi.cg,Nell,Ballard,36,Wavbotjuh
evizir@oluideso.gp,Kevin,Walsh,38,Peleige
ic@fursa.ck,Emilie,Walton,59,Facitre
dovij@ci.fi,Ruby,Webb,58,Kugubol
vu@efaka.ie,Mabelle,Strickland,59,Apcohke
bofup@cile.mr,Lucas,Holt,53,Bawukujoc
sumib@bil.bv,Myrtie,Todd,45,Ibesgem
enevebec@uwtu.bb,Mamie,Cruz,41,Tatafve
zacwunudi@jeb.us,Georgia,Schneider,34,Toruces
sijo@huwzuf.mh,Lettie,Klein,20,Calilbev
bira@cahahuk.vg,Warren,Weaver,54,Foafutod
bar@balom.tr,Jeremy,Morgan,49,Dopjoah
fiwriswe@wow.km,Susie,Nash,30,Kipece
nuvesmit@jo.tj,Kyle,Kelly,46,Pikicde
fu@nagavkon.dm,Christian,Underwood,42,Wizfoha
ma@asmu.gp,Georgia,Bush,33,Hoharowo
da@no.cl,Mathilda,Miles,43,Alaherac
ufvulup@map.bm,Leonard,Perry,60,Rojbajfe
uz@zikacivow.jm,Bryan,Cruz,48,Vehujhij
figel@kummutfe.an,Jesse,Watkins,44,Efgipo
zi@nohhaszeb.nf,Ann,Ball,21,Ugewuzaj
cep@oror.ec,Gertrude,Glover,26,Kijnapte
buzu@onolapfub.tf,Maud,Joseph,65,Awdafe
vehupna@jo.kz,Virgie,Rios,48,Jawmikhov
biltefir@mokwinpi.ua,Lloyd,Lyons,41,Bampofiv
gu@agudo.de,Rosetta,Morris,33,Licidona
naizzi@keazmer.us,Chase,Griffith,44,Sifzeleg
piz@ipzasen.gs,Virgie,Robertson,37,Tolucet
mi@gum.rs,Frederick,Bass,56,Semlaho
aj@sojzowa.kh,Edward,Butler,45,Izunirko
waz@todtek.gm,Christian,George,34,Anofized
os@opwe.la,Eliza,Nelson,59,Sukunnuw
adiug@fasajnet.jo,Noah,McCarthy,22,Bucdiko
zobgo@zavlaceb.mc,Alberta,Wells,63,Ebovowbir
hu@romaz.mo,Esther,McCarthy,56,Datahelid
ehamezjo@zolugo.ax,Alex,Lucas,60,Pibpoho
la@eve.gh,Francisco,Barnett,57,Zerapis
iho@ahjud.za,Maude,Mason,21,Ibefirte
kohheg@zal.mp,Caroline,Miles,25,Ilmelju
pipjos@es.th,Ronnie,Boyd,41,Pihekiim
gasafzu@sic.sk,Blanche,Alexander,38,Titbowu
kergo@ede.om,Ralph,Casey,18,Piglozi
ref@zuecgug.io,Alma,Poole,43,Dusihamif
ecasowet@pahjaz.km,Bobby,Graves,28,Nuiddej
ki@awmuwac.sa,Frederick,Jefferson,31,Uwgipolu
sad@laspil.jp,Edna,Lee,34,Fimzojak
jit@ud.lt,Glen,Hughes,42,Nalizdu
gib@ak.py,Lewis,Willis,33,Covuvnap
disa@rob.gp,Elnora,Wilkins,32,Juwrasa
tol@weto.cu,Leona,Russell,19,Nupaman
feb@uszod.com,Amanda,Medina,26,Nafevo
koekoza@jevzosho.mc,David,Howard,59,Bebelvim
ofiarpuz@ru.es,Augusta,Henry,57,Baavpe
awwes@gaom.cv,Beatrice,Murray,36,Gijocla
topji@hu.bv,Pearl,Brewer,31,Ropeosa
paszuljo@savbum.mu,Harvey,Vasquez,62,Vetilwud
ek@ceneg.az,Gary,Stone,59,Ekoogigut
wonikva@nosonvub.py,Jimmy,Palmer,54,Gopaaha
nolfuham@si.edu,Kathryn,Taylor,25,Ipcehid
loweb@hasejdor.eg,Warren,Stephens,24,Zivure
masra@ka.tk,Edgar,Stevenson,57,Unehjob
hasusetan@itaobob.eu,Essie,Washington,25,Feguvaog
adokepmek@vabe.gi,Cordelia,Caldwell,62,Suwamcag
uh@am.li,Mina,Johnson,37,Gijozpih
ud@fo.kn,Dustin,Estrada,61,Cokarze
emzu@odafauc.fr,Myra,Pena,57,Jajliuc
ol@gu.pn,Theresa,Pratt,50,Iwopolri
epudo@gen.jo,Jean,Jordan,29,Zapahwi
arezodi@pumsojisa.bg,Eugene,Vargas,22,Wuigla
ko@jo.gf,Lucile,Malone,32,Kannazuj
neh@su.dz,Jesus,Wise,56,Valedafu
cajemsag@tomcidak.ac,Brett,Sanchez,18,Rafteawe
linaplak@houm.il,Estella,Jennings,35,Ricelete
derleg@zadrot.in,Christopher,Phillips,64,Fujirrul
nigakac@vi.mc,Albert,Norton,31,Soefuco
kutmovu@jij.za,Derrick,Hogan,23,Juhvitat
we@ogu.li,Lizzie,Byrd,64,Cinipsod
is@jo.eu,Troy,Hughes,43,Opowuup
cigame@emzasrub.dz,Nicholas,Jensen,63,Nuhoruw
tajzec@nukga.pf,Lina,Clark,38,Uwabebuki
orgo@hahu.km,Caroline,Morton,30,Locadzo
do@deatieso.va,Oscar,Williams,31,Manaamo
gi@vuldosu.ax,Phillip,Alvarado,21,Kilapmo
fiv@papte.cm,Polly,Barrett,38,Ridfukpi
boomfiz@poj.ky,Craig,Simon,35,Jeuguvep
ticaholi@hoblubaf.lt,Sophie,Reese,47,Gufsosa
avikojeb@zebipafo.bj,Sophia,Thompson,33,Okievihir
vihruc@met.cc,Marian,Holmes,43,Samozide
oguapa@bus.sy,Minerva,Casey,62,Ojvevka
ekiju@riluis.ms,Corey,Wise,21,Hiticepo
pojah@kimecba.es,Rachel,Medina,60,Vuehubo
hod@rusconza.hm,Fannie,Nash,41,Viletuv
pe@ulegehwu.bd,Lewis,Love,32,Ludilaj
diruzi@ufelu.eu,Juan,Coleman,28,Honosmig
fibu@jojiju.at,Lela,Clarke,49,Ipobizval
ho@mecmegsuw.ms,Hallie,McKenzie,64,Uvkitnot
zezalri@hofag.uy,Katherine,Perez,26,Epijazazo
ba@woko.dz,Tommy,Obrien,56,Wahirin
lup@echume.my,Virginia,Rice,37,Killusro
jucsijpul@tikton.zm,Myra,Dunn,36,Icdaruj
kipfufzu@cacvili.vc,Ricardo,Hunt,54,Ceswetvu
zakpiz@jahor.ye,Victoria,Robertson,55,Gowohwo
kopowis@necol.ag,Jesse,Perez,47,Kemocimi
udmadne@gu.lb,Jackson,Alvarado,29,Lipiife
zuhed@vuclaun.ca,Irene,Mann,39,Nimtohgeh
bojpu@ushooj.zm,Tom,Lane,22,Zawfabwa
hizasot@monfopom.re,Mario,Simpson,38,Hawegso
woho@waddo.kz,David,Hughes,27,Rejuna
ce@esbeg.fk,Amanda,Meyer,52,Bologoz
otovakoc@deutu.wf,Eugene,Burton,51,Rewlomate
ehebedlos@etaweku.gs,Jeffery,Reid,48,Ikocar
jehpec@masag.org,Ola,Schmidt,22,Gibinuf
jij@warij.do,Della,Greer,23,Kekliwe
peg@kuzroggiz.kg,Jesus,Delgado,55,Avojakpu
ujuusu@fuh.es,Mabel,Greer,28,Fitjifcih
nos@ososo.pg,Katie,Spencer,59,Jerekbi
goz@di.ly,Alvin,Hawkins,36,Vetezufuv
jikiaka@dokoc.mt,Milton,Cummings,28,Lotoraj
zadnoj@vihuive.jo,Seth,Roberson,22,Ofihizi
ro@gato.si,Mollie,Parks,33,Ifupaufi
no@etova.ee,Ronald,Sanders,65,Ohiwevaj
ohatbu@fosevkoj.mz,Lucy,Fletcher,29,Zigepife
zafco@puliwad.sz,Alta,Bush,26,Pesgajfe
lan@gizain.bn,Daniel,Grant,58,Jizjehet
peworapo@gedulo.gl,Estella,Holt,49,Utegasop
golkom@buppu.cu,Sue,Pratt,42,Imesirus
hurucur@amavir.sy,Lucy,Harvey,57,Apjokaku
ho@wobwudo.in,Lula,Cummings,39,Cuobihe
ergelul@usokidi.ma,Clayton,Collier,53,Henakjuk
efopok@eknewep.cu,Hattie,Mitchell,18,Bahduseh
betjir@pogicra.ve,Emma,Howard,48,Pehtocwi
boh@zat.gl,Mary,Paul,24,Josaug
aftab@jutuuhe.jm,Garrett,Rice,49,Metfona
pev@pagotaj.mx,Bryan,Lowe,26,Nuvaemi
evrub@sec.gm,Allie,Bryant,50,Dasguvbis
ecinil@hettujhan.lc,Kenneth,Andrews,29,Ahiefob
garuhul@niwrire.mn,Harry,McCoy,19,Wagasro
luj@ito.mm,Martin,Waters,50,Zuzagner
dartupnot@ujoca.si,Curtis,Weber,22,Laewla
vaciv@be.pf,Bradley,Cannon,62,Zekure
taiz@hogo.gp,Helen,Diaz,18,Ziboavu
mobujewu@morbemva.ru,Betty,Day,37,Panedke
pauvi@lekauju.sv,Polly,Thornton,55,Befbozen
werageb@zehdok.mt,Vernon,Holloway,36,Nogazjah
fiasuwu@vob.nu,Alberta,Patterson,39,Boddame
rehpunju@holed.my,James,Frazier,33,Ruticpoh
tafup@oc.gh,Jayden,James,33,Tuwunemi
tubaraf@biporwe.pm,Sara,Griffith,60,Megozic
niged@alas.lt,Edward,Pittman,28,Kapeglo
loroswaf@duseg.pg,Virgie,Ross,51,Seozvu
hova@uzsutoz.bb,Henrietta,Bowman,48,Penudre
penazoen@ze.uy,Myrtle,Parsons,49,Murfevev
koep@ceh.sx,Gavin,Reynolds,33,Fanepos
boplahoj@jueme.tv,Adelaide,Hunt,45,Ucbanhiw
laebacit@rag.sb,Patrick,Barnes,59,Naezro
nebviw@zejwoc.re,Alex,Chambers,32,Bomohlej
zomifi@fumvicu.am,Flora,Soto,53,Tujeho
wopaciev@rogumnud.mt,Raymond,Dunn,26,Ovpori
cuwevfeg@bowzam.mt,Stanley,Gutierrez,51,Monenpuf
me@ki.gov,Rosa,Vega,32,Usajhuv
kam@mo.cw,Betty,Barnes,23,Lepsawgut
vag@buvcihfi.fi,Travis,Mathis,41,Kugdipmo
vek@risgebis.li,Vera,Tate,29,Bodinaja
tohora@ligitman.fk,Pauline,Sparks,63,Tulpakgen
do@pog.st,Isaac,Kelley,37,Wofejkaf
odjepfi@cujiz.lv,Winifred,Sandoval,26,Zascitsu
voweafa@kovache.do,Jonathan,Holloway,43,Uppufru
wotaf@ku.io,Jason,Parker,63,Mazerpog
nalpus@al.st,Lela,Williamson,34,Naralzuf
hah@opa.ht,Nathaniel,Vasquez,56,Jifiluher
vawnojij@gosmah.cr,Madge,Fox,51,Hucpeila
ekmic@gom.lt,Lucy,Garcia,40,Nacarleg
co@to.pr,Edward,Owen,35,Hisurrul
nicejti@reifive.ke,Alfred,Burton,60,Wirimzem
te@wokoji.cm,Anthony,Lambert,33,Ephobe
zemjata@mutku.fk,Nelle,Ford,47,Ulucurem
dihun@wedo.gq,Elijah,Rose,29,Joucuwi
ociru@ze.al,David,Logan,34,Venzuszic
zahereece@dejtem.st,Walter,Campbell,22,Coscuhnoz
mag@odrol.gp,Jayden,Burns,55,Katoiva
da@mavob.rs,Mayme,Garza,27,Mobularuv
ewlueb@ulacini.ng,Johanna,Pope,40,Taijnaz
felpu@weahuiw.dz,Gene,Chambers,24,Wegioj
hijvevje@mij.sy,Erik,Figueroa,47,Fipisuv
vuvhuw@wih.fo,Bradley,Curry,46,Ziwizaji
sikulfuj@pici.ps,Dora,Norris,65,Affeek
rijza@sopuas.lc,Madge,Harper,36,Funukne
le@cawjir.td,Harriett,Huff,45,Pobemaf
ihtof@nahu.mk,Charlotte,Bell,48,Kitonwi
dalak@uponanop.sz,Olga,Carr,50,Acfurrat
kumesihe@ihe.th,Tommy,Lloyd,31,Babejju
cup@vioj.gq,Marian,Matthews,20,Megvojbu
holu@rohe.sm,Rosa,Gibbs,64,Nejtekde
ba@tatu.ht,Myra,Aguilar,27,Bemumre
golnot@zucfoz.gm,Joshua,McDonald,38,Ulzoabu
biitbac@omebuptav.fk,Ivan,Richardson,43,Akimolep
luwsesreb@jek.at,Theresa,Frazier,19,Kabakwam
nu@bofo.pm,Stella,Blake,45,Tabzunlan
buscafmap@titefzah.ba,Gussie,Clarke,21,Avurasam
zag@potom.td,Emily,Castillo,54,Comunahip
apimopoj@fofivho.ie,Maud,Lindsey,32,Liribiahe
variw@zig.uy,Mildred,Perez,63,Kumuwdem
pioszah@ugkibeh.ws,Grace,Norris,55,Zumipu
va@urtek.td,Jayden,Rodriquez,44,Potozteb
lajra@ezko.kn,Mamie,Hunter,47,Adipnuf
hona@pazrek.tc,Josie,Long,54,Iripoit
tifuphes@jowlav.tz,Nathaniel,Jones,36,Jobuhpi
pitrevug@kuura.in,Bessie,Figueroa,61,Puzeca
povbe@jo.ki,Margaret,Benson,41,Pottiluv
zotrazo@kipinfo.my,Nancy,Garrett,41,Dojfegoru
uziej@hekinsi.pg,Cecilia,Kennedy,52,Kebudwap
dazfik@im.io,Aaron,Foster,45,Pafwofa
fiwot@nu.gg,Ray,Fisher,63,Vucrufuk
ez@uwi.pm,Anthony,Clarke,37,Ufaluvfe
tob@akgaz.fi,Scott,Alvarado,58,Ezcibu
bonuto@duheg.sk,Lida,Newton,57,Waduwi
wokagci@wo.su,Amy,Waters,56,Heemgij
gamwor@ife.gs,Florence,Reyes,18,Hovavzu
cuuprod@pezut.gn,Jerry,Valdez,48,Ektitiv
cednecacu@morjam.tc,Leonard,Briggs,48,Biwurpi
sarsal@misocwa.tm,Aiden,Douglas,39,Agcagiv
pikroame@wa.mt,Bertie,Bowers,39,Oltersa
uja@apujun.br,Fannie,Guzman,55,Afabiit
or@oruezera.ve,Alfred,Webb,40,Coamukoj
rin@piwtol.bb,Dustin,Abbott,35,Vizfibu
mikulu@icosile.pk,Francis,Burke,29,Afewumul
osawdac@reb.er,Jacob,Carson,61,Ewinisku
si@seh.mr,Darrell,Watson,62,Mamicgu
janluwaz@hiafazu.as,Vincent,Barker,53,Faptalhi
odiwuna@sala.sv,Henrietta,Hodges,20,Uppize
joj@joghe.at,Gary,McLaughlin,52,Cajiba
upu@buho.eg,Gerald,Blair,49,Nuivihuw
rotesuru@imauto.ro,Lou,Foster,36,Uleksu
rele@kuufo.mw,Anne,Ryan,38,Pusodwa
ocu@kerbeznu.pf,Amelia,Perez,65,Jutovpaj
ud@ilunov.eg,Myrtie,Hernandez,30,Siajuvu
nihvas@hat.bf,Claudia,Elliott,60,Zisgumte
fo@oh.md,Joe,Page,38,Fekgofwi
pe@bogmawo.mx,Wayne,Snyder,52,Nohofzi
udu@fuvut.pr,Estelle,Bennett,44,Seddioju
ki@castacog.dz,Tony,Watson,52,Diwuzzop
pidalug@ne.pf,Cecilia,McDonald,42,Ojusibpa
ne@nopikus.li,Jean,Smith,18,Zozlonliz
digesi@bocdovbas.cc,Maggie,Manning,49,Sivmoop
wujuzewiv@pafwisus.cl,Georgie,Ward,28,Johpible
hihvilha@de.tt,Virginia,Harrison,20,Hihezter
besfolnu@edwom.ls,Bernard,Shelton,48,Ecawuti
lev@hu.nl,Eddie,Ball,49,Utidago
pa@wuki.ge,Rodney,Fowler,20,Vuikri
icrusod@ibo.vc,Earl,Foster,26,Tafavho
vat@ehamiw.ro,Jimmy,Valdez,28,Wipdibwe
huckuiji@kidwuga.tl,Carolyn,Kim,44,Piibiciz
co@nupero.dz,Max,Hunter,63,Lawwaddag
tif@dooka.io,Christian,Jones,59,Azilafnat
nedemupe@dewsa.sx,Hulda,Allen,46,Dobuoj
bohapris@fotlid.kp,Jean,Phelps,59,Kofuri
daagac@gavzefhij.hm,Maria,Ballard,43,Gazcezev
zimmewba@du.kw,Jean,Logan,34,Fohaolo
cugratop@ohip.sh,Andrew,Carson,42,Cisdazeb
ohebowo@caejo.er,Cory,Curry,33,Puzcudu
ezizocip@upfah.fr,Katie,Page,20,Ojuvagon
pivo@sap.vu,Earl,Doyle,64,Amcuvmug
kege@gu.pn,Anthony,Myers,48,Picowur
uvo@iro.et,Isabella,Olson,64,Noujezak
wor@maba.hk,Keith,Bennett,41,Faudusab
ocar@tikhag.md,Teresa,Copeland,64,Fovdifpad
girihwam@pigpapu.sd,Mason,Brock,30,Dajpetse
cavherug@fi.nu,Dominic,Davidson,31,Ajetussah
ribajmu@jucbac.kh,Kenneth,Jenkins,49,Pivabu
ko@ek.na,Myrtle,Tran,38,Ewamasef
ju@poltic.ai,Douglas,Chapman,21,Opodimov
ohelag@olwoci.fm,Georgia,Gilbert,21,Himbajwo
piwa@vab.ao,Hunter,French,61,Uggowow
ficirmuz@woalo.im,Hilda,Hodges,53,Gisdezul
fuznun@cepegog.au,Edna,Curtis,22,Remzizcol
buddurat@ehihe.ai,Edgar,Hill,65,Jepareov
femtais@ka.ug,Blanche,Tyler,27,Wudibal
oj@fak.tp,Cornelia,Morgan,52,Lupijkes
ju@ciwak.ki,Phillip,Bailey,62,Dampupwo
ah@seihso.tp,Harriet,May,28,Tulujcup
hisgaz@wevekuji.kg,Herbert,Byrd,57,Oclouma
jimli@kis.tw,Alexander,Foster,62,Madtelro
uvotogsar@venate.re,Eleanor,Phelps,41,Uvedaznev
gemic@cekelned.bd,Caroline,Estrada,25,Bubfiwi
is@vuhutec.ss,Edgar,Frazier,64,Kefunum
gusjos@ziflufe.at,Bill,Townsend,53,Zukusor
joh@fuj.ir,Bettie,Garrett,33,Silatvo
ujeibpe@vij.ru,Mable,Vargas,35,Ujovli
zutop@vafov.sd,Roxie,Bell,24,Ovcidasi
gozejep@nod.tr,Marion,Mann,48,Bukadeve
kompebfeb@emevomda.bz,Henry,Mendez,40,Gadvuusu
taow@one.sr,Ora,Osborne,58,Vewihtu
taj@viljabif.tp,Edgar,Watts,40,Polsovot
ductol@moiwkis.ne,Kenneth,Parks,48,Opajoze
iclipi@lunuhed.cv,Robert,Abbott,28,Fouvpum
ovi@ziwvo.za,Lawrence,Manning,65,Wautari
huji@eteposur.is,Mario,Gomez,50,Karigrov
uvu@lem.lu,Jerome,Conner,19,Jewabze
huvovbu@fanuwo.ae,Tyler,Mason,43,Egvadil
devboka@farankow.uz,Don,Thompson,31,Lushabuj
nir@li.jm,Frances,Lowe,33,Vapewwar
zesdoz@gaulunas.gq,Mayme,Hart,63,Turupa
logizis@jow.ba,Hattie,Bates,32,Faehizim
libov@lutka.lc,Mike,Christensen,20,Zozipici
tak@owenakos.no,Donald,Jensen,35,Solluwu
raarmes@li.ck,Lily,Allison,59,Ejelidib
mubborjik@wuhelka.dj,Etta,Richards,65,Datdoscul
jozejo@hublewefe.sh,Mattie,Peterson,30,Maeliuji
so@puzwezme.ss,Minerva,Bishop,46,Fimoufo
su@bekhusuv.ps,Etta,Austin,40,Zohitvah
pew@gatep.ag,Devin,Harrison,26,Duolifiv
ret@abupuz.zm,Ann,Fowler,42,Bizulo
kuh@warketu.by,Earl,Smith,53,Noffobu
mifiew@zimisof.mt,Delia,Obrien,34,Ohiferul
racneif@fivope.sk,Dale,Watkins,53,Itnarze
eta@lin.es,Jared,Thompson,45,Hazjizi
bucevebe@zezfako.ht,Marguerite,Moran,60,Eshufhe
bafolmig@impamna.bw,Ada,Marsh,55,Febjiva
ju@ji.np,Rhoda,Caldwell,62,Oluculi
tas@daoz.tm,Don,Jackson,26,Ketnedrak
usifi@zon.au,Luis,Thompson,41,Wugottij
vupok@zaopenud.me,Donald,Payne,30,Dileuku
wapibme@woweto.gi,Marie,Tucker,37,Ivumupfu
adbopo@wuzu.us,Leila,Aguilar,31,Dupekpiz
cosku@echek.nz,Birdie,Glover,38,Tamawajo
bivfusdi@kami.ro,Richard,Reeves,39,Emtipud
elmevwaw@gejsi.re,Hunter,Thornton,55,Hovehzi
bekjutuf@buzior.us,Abbie,Fisher,45,Ilowakud
tog@he.si,Leo,Phillips,57,Bejdizif
fiejeup@fiek.bz,Marvin,Lane,54,Towloke
ruv@agohobni.kg,Frank,Pittman,51,Rieknem
in@sorumo.mn,Polly,Soto,40,Pezmike
capuzib@he.gw,Ivan,Lewis,38,Wecisre
riwtip@la.ps,Mildred,Cummings,60,Luozun
sic@wih.kh,Aiden,Young,20,Sajija
coozebo@vucol.hk,Lela,Bennett,26,Dakujed
lekegavev@seg.ad,Chad,Wallace,31,Dotingur
upiel@dud.mp,Ernest,Maxwell,26,Ujazoffif
boivso@taw.mc,Terry,Young,52,Ohojettek
nenek@tuj.ag,Fanny,Mann,65,Oloefepac
pehmop@ef.net,Bertha,Nunez,32,Ojiledon
gu@esfo.eh,Charles,Garrett,54,Bikguzime
bo@laghokiw.bm,Cole,James,56,Pacefe
ze@du.et,Sara,Holmes,32,Kikuevo
vac@umviz.ve,Olivia,Evans,31,Keronvus
no@rahve.vi,Bessie,Williamson,19,Hacguva
ih@gis.na,Gerald,Hammond,19,Vuuklan
hurumas@pohehvuz.tm,Loretta,Roberts,50,Hububpap
ar@zurped.ir,Landon,Griffin,58,Lorvotseh
mirti@fuani.hr,Phillip,Turner,45,Wolekju
lopbuvi@iga.by,Marguerite,Chandler,51,Jaurvu
zibdofo@igtilag.cg,Wayne,Walters,52,Iwosutcen
foune@eketo.cg,Jackson,Hamilton,36,Saacfot
kuoselu@gak.ao,Norman,Houston,61,Gioszim
bozuho@wadud.om,Wesley,Hoffman,28,Gonridam
voevu@fohlo.er,Viola,Rivera,25,Ozmeza
pozo@sevduvab.gy,Timothy,Carr,39,Ondevew
tisudja@miput.bw,Gertrude,Malone,55,Nabawus
fifuna@edo.af,Allie,Harmon,30,Cetojbem
fam@ericuw.lu,Brian,Wood,38,Bukofsi
ded@lilpup.sm,Gertrude,Douglas,23,Meenoj
saunjam@kopguguhu.pg,Lora,Burgess,36,Kufzarif
navis@biva.tc,Jesus,Ball,58,Jijeica
zopzo@ladjobnas.gov,Annie,Hansen,21,Akosaidu
bak@wekatet.gp,Lou,Hernandez,21,Ginanog
olezen@bacburla.dm,Alta,Nash,52,Aditapo
hasguwle@feherat.pw,Aiden,Palmer,46,Loviron
wiz@futiuko.bf,William,Stone,25,Miilid
lihkekus@nusmowas.org,Maurice,Sandoval,26,Raluzor
zodoagu@pocdoh.ph,Glenn,Mack,52,Poninga
vidbevvug@anduzil.tg,Maude,Barker,38,Wivorruz
tazalzu@te.sc,Stanley,Leonard,33,Mazuvvu
ipi@tipjohu.bi,Leroy,Shaw,37,Ahlehej
koflok@uftorro.au,Ora,Hale,38,Woosca
enu@bisfiora.tc,Carl,Bush,34,Puvsothaz
bopogeg@wuni.ma,Sally,Vega,61,Tidanlo
jamebi@lo.ki,Luella,Newman,47,Ruowpup
maari@tot.kh,Luella,Moran,38,Ledsuhev
pat@mazagepa.ki,Thomas,Morton,33,Rordicra
hi@dottes.py,Olive,Atkins,22,Caflobep
tiv@lum.sg,Francisco,Logan,20,Nimtuvjuw
cu@derinis.ly,Kenneth,Perry,59,Lauphoh
fagkuke@hekav.ec,Frederick,Bryan,45,Kuvnuna
vi@sasirut.np,Myra,Maxwell,25,Romdiemu
tenteb@fu.as,Gabriel,Lamb,56,Kowarhob
zecugo@naharbi.bb,Derek,Roberts,38,Kudehauke
heubafo@pitalaj.sk,Henry,Rivera,55,Jiucesiz
logu@ho.bw,Jesse,Cain,25,Juzebnac
cofla@hu.sr,Lily,Warner,60,Merullol
lomoade@konkom.lt,Harold,Guzman,28,Zintejwi
lecero@irlabew.ca,Eva,Abbott,23,Potlozegi
kispo@kozozolu.lk,Rosie,Sutton,38,Nafkawku
ika@tuphih.no,Elijah,Berry,60,Dojibep
farav@duvec.la,Lucy,Reese,31,Vasasohe
wib@dorni.sb,Nell,Santos,28,Lowjenec
ribu@welloh.gp,Katie,Hudson,55,Sacazja
pol@moni.as,Phillip,Fletcher,45,Horkekras
nev@ra.mt,Mitchell,Clark,39,Nowowe
amatoka@elogi.sr,Andre,Rodgers,22,Jecneje
supbib@heja.fr,Seth,May,28,Ovizobdaj
nifgufud@jucacas.ac,Corey,McBride,41,Acumibem
voz@vum.tt,Joshua,Crawford,51,Udafizro
ivejedaw@miow.mo,Ollie,Evans,25,Cukdezjoz
gi@mok.nc,Marcus,Robinson,24,Nercazaf
rep@sugetcu.bf,Virgie,Lawson,64,Siwulap
ji@iwo.il,Phoebe,Perez,41,Aduucge
amuge@hulbadhi.nr,Eunice,Wood,55,Jetirna
owmoja@ojpoopo.py,Nathaniel,Patterson,63,Hicvuejo
an@gaki.mw,Alma,Simmons,52,Hagpecip
ko@ge.mn,Patrick,Martin,58,Lapwemo
te@kid.sh,Jennie,Harvey,36,Zodturfi
cukdu@mecisah.va,Gerald,Morton,38,Fetiptes
jofotuuco@zizerila.ir,Maggie,Johnston,37,Zojentul
tusface@porah.ru,Howard,Cunningham,26,Ozoodfa
um@zu.cz,Katherine,Boone,20,Wecvikar
bis@sam.us,Kate,Gibson,23,Howrufo
afe@zuh.mo,Leila,Olson,30,Lucive
gohavaw@kikaz.cl,Mina,Andrews,54,Dalkuse
petena@edabaw.bw,Ella,Powers,21,Akmihe
ca@vivdaf.dj,Ryan,Nunez,30,Rofhaeku
hemule@garvol.sn,Carrie,Quinn,59,Gicife
wuose@so.fm,Edith,Gardner,37,Duubuwe
mifrivle@odzaze.cf,Wesley,Santiago,47,Melekcon
ohocopfi@cok.do,Ruby,Simmons,34,Huwhofwa
rezfil@gur.li,Herman,Glover,18,Worozju
jitorir@kiuhe.nr,Albert,Goodwin,26,Hinicigo
titero@mulu.ba,Rachel,Perkins,54,Ujisanduz
pijudoje@acu.dz,Ralph,Hunter,63,Bagaul
dujca@efde.lr,Callie,Santos,49,Obmescur
ibim@ku.pr,Ethan,Murphy,18,Osidepes
mos@nuefvo.su,Gabriel,Murray,60,Boahli
niw@ozu.qa,Jacob,Harrington,47,Pofdisjik
ne@gi.pn,Jacob,Greene,49,Bijazaf
ihemi@desle.pm,Curtis,Frank,40,Jabhalani
jatnoc@jos.cv,Lina,Garrett,44,Jebani
begridhoc@moitbul.by,Jacob,Massey,36,Ezebadga
ehisububu@oj.gi,Luke,Swanson,40,Zodagof
remfamil@tippehon.pw,Lee,Brady,55,Zuujeij
danac@buvniso.se,Tommy,Gray,38,Bathefmo
zitavoh@jigjur.id,Nicholas,Reynolds,37,Ifhobub
obvuswe@zik.in,Oscar,Baker,38,Fevgari
si@keemto.ne,Matilda,Floyd,62,Fibuut
cu@za.bv,Donald,Frazier,65,Woptobi
jespahu@lokjoj.uz,Pauline,Hoffman,59,Hajipu
elo@wujeimo.bm,Vera,Clarke,59,Reksimpag
meduksih@de.gt,Frances,Gutierrez,54,Rarebpot
nienru@daclun.sa,Mike,Reid,34,Pokrezsoh
guf@dowunocos.st,Gene,Hunt,54,Gedpoeza
guzo@jehmej.bn,Bertha,Rowe,19,Lilafhiv
rijhoznik@vivad.rw,Virgie,Blake,54,Huokfa
har@osaede.hr,Carl,Clayton,41,Nurivit
owaat@lucoppud.yt,Mollie,Boyd,52,Tavevvo
idfa@voizcoz.qa,Jay,Owens,36,Kadheeb
un@fop.sv,Polly,Swanson,60,Rogojce
we@wi.pk,Edwin,Ward,61,Dalutav
hirhaewu@ve.co.uk,Christina,Murphy,29,Vejowi
ud@po.co.uk,Derrick,Adams,62,Aziuwarum
baw@uflopin.cx,Oscar,Arnold,24,Fanmehgud
jup@ku.bv,Elmer,Rogers,44,Gektocej
hiugira@nudvuot.mc,Louis,Waters,27,Punvurdo
pic@lewow.nc,Mike,Gonzalez,52,Kakovmu
josopo@pufgokrar.za,Philip,Cooper,44,Zemdahuw
zi@nera.bq,Benjamin,Hanson,22,Ewozogsir
vekkako@loned.ch,Bessie,Schneider,44,Mujluzjej
ul@fovos.sl,Lora,Walters,54,Renowwop
zimhuhadu@os.bw,Frederick,Tucker,38,Vobgiwih
jujeupe@pez.re,Bernice,Bennett,55,Ujteke
kovetpon@enojgal.dm,Douglas,Logan,32,Onepano
hawug@ho.kz,Pearl,Pearson,47,Watipeah
macbos@tugo.kz,Adelaide,Bowman,41,Vevufne
ofevago@ogerelo.vg,May,Keller,65,Hapjuade
rekugiw@ukaowdi.pm,Tyler,Miles,37,Wodgizmi
fa@faguz.sl,Jesus,Elliott,39,Mewlecfed
ihenwac@omuli.tn,Leona,Schneider,58,Bubarto
orewno@epivuzsu.bb,Sarah,Miller,46,Vebombo
zepizuj@gatlel.mk,Mabelle,Santos,57,Ajwinof
bipo@voliziha.lk,Viola,Wilkins,36,Vojfibjis
olse@juvipwel.co.uk,Joel,Aguilar,59,Eguifewab
nu@dosake.be,Isaiah,Leonard,52,Tahasveg
da@ralekbe.br,Josephine,Bates,31,Fudepuhu
sodamocu@titiczi.bo,Ernest,Vargas,39,Somomo
vu@diuke.br,Jeremy,Rivera,42,Ejineano
okenovig@seipa.mw,Isabella,Atkins,61,Gudihda
sa@kolwe.vn,Gabriel,Stevenson,50,Cizakaba
ru@venjoffut.kw,Cora,Lopez,49,Figatgam
umponus@jutesfi.rw,Douglas,Francis,62,Koedika
rerboflo@takoka.ba,John,Leonard,39,Recomkaf
roiv@joun.kw,Bill,Hayes,40,Cuodouf
sap@egekeas.ne,Beatrice,Allison,45,Leligez
fiv@nutke.mu,Viola,Sandoval,48,Izodes
dumdam@lijhelmaj.nz,Allen,Lamb,32,Mupuhlep
aspuhovu@zawgev.mx,Lola,Rice,38,Ojubage
roviro@juezuj.pn,Alexander,Johnson,47,Tagloobo
puhovam@zifcav.ba,Jorge,Stanley,49,Halakzuw
feeke@pizabha.pg,Steven,Huff,65,Nunocsu
ikusekip@ukautole.sd,Gordon,Jackson,33,Bosfeffil
gesesne@kek.cd,Jean,Griffin,64,Ciscoege
aljitmup@eleceloj.cr,Virginia,Dixon,46,Ihwahuj
ucso@dowa.gu,Katherine,Cole,29,Fibodu
hagbof@akije.ni,Stanley,Tyler,52,Nadolulo
puijuk@mefob.fi,Mabel,Joseph,63,Guufkaj
kopin@ogo.sv,Logan,Garza,20,Kacodlum
akju@pobvat.ec,Loretta,Clark,46,Niwivumo
pegtuhus@jumi.kg,Delia,Myers,32,Guvopo
nih@ebbi.cx,Susan,Lucas,34,Ducpevbif
lujdelfo@motrubab.gr,Elsie,Sandoval,57,Ejogopnot
mir@bi.pt,Curtis,Rogers,19,Dafufeh
dodap@hihu.net,Craig,Gutierrez,53,Lavalup
boco@tamcogibo.gn,Christian,McDaniel,62,Urfewzuh
alo@go.gm,Eric,Palmer,59,Azuvawet
wut@dupnipde.ss,Hunter,Burton,18,Mupaji
lala@van.am,Bertie,Waters,26,Joufodu
uvop@foldemto.ax,Herbert,Diaz,44,Rimnoken
seon@heeki.rw,Lois,Brady,19,Milinhi
top@begun.pr,Alvin,Ryan,21,Tarebwuj
bunfah@ses.gq,Mollie,Saunders,33,Wahviviz
zefe@wovged.fr,Amanda,Daniels,54,Kebuze
keachek@dop.pr,Betty,Holland,39,Ruvkidfe
rawepuh@am.ne,Lewis,Malone,37,Okzufbeh
detu@baj.gl,Rhoda,Sutton,24,Cohilli
da@ikirika.ag,Eliza,Barrett,19,Taujjuj
co@ocehbov.ru,Stanley,Banks,57,Rewzafso
nit@ranjip.mk,Jay,Jacobs,57,Gezicla
zawfu@mafboh.id,Gertrude,Webb,57,Wumjuce
jehmet@fopimene.ie,Jason,Smith,58,Nenizotu
ela@lo.be,Estella,Bass,52,Fodejsi
ne@humwu.ca,Andre,Ward,26,Ropaab
mul@fisof.nl,Timothy,Austin,59,Cupwitaj
piesarer@tocja.mn,Alexander,Santos,46,Ipeodbos
fimotno@gecig.cn,Lillie,Warner,47,Pibaup
zanjukef@lajraduk.kh,Lewis,Buchanan,46,Miuruos
ze@odacagow.mt,Julian,Jacobs,56,Sispugu
izu@ebier.kz,Elnora,Fox,27,Fokubol
moh@uwgar.za,Andrew,Collier,46,Gokokopul
fivje@de.com,Lula,Mills,53,Cocaevu
afpilzu@sad.nr,Jonathan,Herrera,47,Subejo
putihna@tejac.eu,Terry,Alvarez,26,Hudfevuv
ridahit@hadfa.nz,Seth,Diaz,33,Zeuzdud
zualuvi@jacuk.bh,Annie,Alvarez,33,Hetesme
cuwod@to.gq,Willie,Hammond,52,Maadipi
etgas@felciur.ms,Winnie,Pena,60,Megfekren
jucofote@weegu.bd,Adrian,Davis,50,Womojgi
bufobvo@afwofu.uz,Ella,Nunez,57,Kehehriz
kiv@no.cd,Eva,Garner,45,Ahmiljo
os@abi.sj,Landon,Beck,60,Godrufkuw
nusal@roogji.sb,Alberta,Hudson,41,Haomtig
oz@ze.cw,Rose,Ross,35,Joimesil
nuc@igir.mx,Eric,Cook,25,Vawmafbal
weac@potgoribi.im,Chad,Tyler,35,Roedube
hu@zaz.ps,Harold,Vega,53,Imaelimu
rulov@up.sm,Philip,Payne,29,Seoknuw
pezceg@vu.ls,Edith,McCormick,38,Eminojuv
viuj@naf.su,Brent,Collins,55,Ejihake
osreb@cazawameg.tg,Owen,Ingram,51,Apaacgog
tafge@du.sl,Grace,Schultz,26,Lifiral